,"t, hr","md, ft",prom_wob,prom_rpm,prom_q,prom_tq,p_ma_psi,rop_pph
0,8.0,469,11.0,55.0,265.0,2.0,300,54.0
1,10.0,1107,17.5,75.0,480.0,2.0,500,63.0
2,1.5,1107,10.0,60.0,480.0,9.5,800,46.0
3,1.5,1273,12.5,60.0,480.0,6.5,900,65.0
4,3.5,1467,10.0,60.0,480.0,6.5,900,55.0
5,2.0,1660,10.0,70.0,480.0,6.5,1000,96.0
6,3.0,1855,10.0,70.0,480.0,6.5,1000,65.0
7,3.5,2048,10.0,70.0,480.0,6.5,1000,55.0
8,3.5,2048,8.0,0.0,480.0,0.0,1050,55.0
9,3.0,2200,10.0,70.0,480.0,6.5,1000,51.0
10,3.0,2200,6.0,0.0,480.0,0.0,1000,51.0
11,3.5,2434,10.0,70.0,480.0,7.5,1100,55.0
12,4.0,2626,9.0,65.0,480.0,8.0,1100,48.0
13,4.0,2626,6.0,0.0,500.0,0.0,1050,48.0
14,3.5,2820,12.0,65.0,480.0,10.0,1200,55.0
15,2.5,3011,14.0,70.0,480.0,10.0,1300,76.0
16,5.5,3392,14.0,70.0,480.0,11.5,1300,69.0
17,1.0,3470,7.5,50.0,575.0,4.0,1650,78.0
18,3.0,200,8.5,50.0,125.0,2.0,80,55.0
19,6.0,507,17.5,60.0,365.0,4.0,450,51.0
20,1.0,592,7.5,45.0,615.0,4.0,950,85.0
21,2.5,817,10.0,40.0,450.0,4.5,550,90.0
22,1.5,910,10.0,40.0,450.0,4.5,550,62.0
23,3.0,1203,10.0,40.0,450.0,4.5,750,97.0
24,8.5,1591,7.0,40.0,440.0,4.5,800,45.6
25,6.5,2037,7.0,40.0,480.0,4.5,800,68.6
26,6.5,2462,11.0,50.0,480.0,4.5,950,65.0
27,9.5,3043,11.0,65.0,480.0,5.0,1100,61.0
28,4.0,3250,11.0,80.0,500.0,5.0,1100,51.0
29,5.0,3424,13.0,80.0,500.0,5.0,1000,51.0
30,3.5,97,3.0,45.0,65.0,3.0,15,17.0
31,4.5,192,7.0,55.0,148.0,3.5,35,21.0
32,10.0,548,3.0,80.0,500.0,2.0,90,36.0
33,3.0,688,4.0,60.0,600.0,3.5,950,46.0
34,1.0,783,2.0,70.0,725.0,3.5,1300,95.0
35,1.0,783,3.0,0.0,650.0,0.0,1050,95.0
36,1.0,878,5.0,65.0,860.0,5.5,1600,95.0
37,1.0,878,4.0,0.0,780.0,0.0,1450,95.0
38,1.0,975,7.0,55.0,950.0,4.5,2050,97.0
39,1.0,975,10.0,0.0,900.0,0.0,1900,97.0
40,0.5,1070,8.0,60.0,1000.0,6.0,2500,190.0
41,0.5,1070,16.0,0.0,1000.0,0.0,2400,190.0
42,0.5,1167,18.0,60.0,1000.0,7.5,2500,194.0
43,0.5,1167,10.0,0.0,1000.0,0.0,2400,194.0
44,0.5,1264,11.0,65.0,1000.0,13.0,2600,194.0
45,0.5,1264,1.5,0.0,1000.0,0.0,2200,194.0
46,0.5,1359,19.0,65.0,1000.0,14.0,2700,190.0
47,1.0,1553,20.0,65.0,1000.0,13.5,2700,194.0
48,2.5,1739,20.0,65.0,1000.0,13.5,2700,74.0
49,2.5,1739,17.0,0.0,1000.0,0.0,2700,74.0
50,19.5,3846,24.0,75.0,1000.0,16.0,3500,108.0
51,19.5,3846,15.0,0.0,1000.0,0.0,3100,108.0
52,20.5,4830,24.0,75.0,1000.0,19.5,3500,48.0
53,20.5,4830,15.0,0.0,950.0,0.0,2700,48.0
54,5.0,4972,24.0,75.0,1000.0,16.0,3500,34.0
55,5.0,4972,22.5,0.0,850.0,0.0,3500,34.0
56,0.5,5002,24.0,65.0,950.0,16.0,3650,60.0
57,8.0,307,5.0,47.5,172.5,3.5,400,34.0
58,6.0,516,4.0,67.5,400.0,2.5,1080,35.0
59,10.5,1416,12.5,70.0,1000.0,9.0,2700,86.0
60,6.0,1908,11.0,66.0,1000.0,10.0,3000,82.0
61,6.0,1908,4.5,0.0,1000.0,0.0,2500,82.0
62,24.0,4012,22.5,70.0,1000.0,15.0,3700,88.0
63,24.0,4012,10.0,0.0,1000.0,0.0,3300,88.0
64,6.0,4397,23.0,70.0,1000.0,17.0,3700,64.0
65,6.0,4397,14.0,0.0,1000.0,0.0,3300,64.0
66,8.5,5150,20.5,70.0,1000.0,15.0,3700,88.6
67,8.5,5150,9.0,0.0,1000.0,0.0,3400,88.6
68,5.5,5882,20.0,70.0,950.0,17.5,3800,44.5
69,5.5,5882,10.0,0.0,950.0,0.0,3500,44.5
70,5.0,492,8.5,52.5,385.0,3.0,350,36.0
71,2.0,600,2.0,60.0,550.0,3.0,1000,54.0
72,1.5,690,2.0,70.0,650.0,3.0,1150,60.0
73,1.5,690,2.0,0.0,600.0,0.0,1100,60.0
74,1.5,787,3.0,70.0,745.0,3.0,1250,64.6
75,1.5,787,2.0,0.0,700.0,0.0,1350,64.6
76,1.5,877,3.0,70.0,800.0,3.0,1400,60.0
77,1.5,877,2.0,0.0,800.0,0.0,1400,60.0
78,2.0,960,3.0,70.0,930.0,3.0,2000,41.5
79,2.0,960,2.0,0.0,860.0,0.0,1650,41.5
80,0.5,973,10.0,70.0,1000.0,4.0,2350,26.0
81,1.0,1065,10.0,70.0,1000.0,4.0,2350,92.0
82,1.0,1065,2.0,0.0,1000.0,0.0,1950,92.0
83,0.5,1159,10.0,70.0,1000.0,4.0,2350,188.0
84,0.5,1159,2.0,0.0,1000.0,0.0,1950,188.0
85,2.0,1441,15.0,70.0,1000.0,14.0,2700,141.0
86,2.0,1441,3.0,0.0,1000.0,0.0,2300,141.0
87,18.0,3809,15.0,70.0,1000.0,16.0,3300,131.5
88,18.0,3809,5.0,0.0,1000.0,0.0,2750,131.5
89,1.0,3904,17.5,70.0,1000.0,16.0,3900,95.0
90,14.5,4960,19.0,70.0,980.0,13.0,3800,72.8
91,14.5,4960,13.0,0.0,980.0,0.0,3350,72.8
92,14.5,5637,21.0,65.0,965.0,19.0,3950,46.7
93,14.5,5637,17.0,0.0,930.0,0.0,3400,46.7
94,10.5,6260,16.0,75.0,900.0,16.0,3800,58.0
95,10.5,6260,25.0,0.0,850.0,0.0,3400,58.0
96,1.0,420,3.0,75.0,500.0,3.5,800,55.0
97,2.0,730,9.0,60.0,750.0,6.0,1950,155.0
98,24.0,4780,30.5,90.0,950.0,11.5,3950,168.8
99,24.0,4780,12.5,0.0,965.0,0.0,3650,80.0
100,5.0,5406,36.5,90.0,935.0,13.5,3950,125.2
101,24.0,3215,15.0,65.0,925.0,11.0,3600,111.4
102,24.0,3215,14.0,0.0,1000.0,0.0,3400,111.4
103,13.0,4341,27.5,65.0,975.0,17.5,3800,86.61
104,13.0,4341,21.0,0.0,975.0,0.0,3550,86.61
105,9.0,5278,27.5,70.0,935.0,14.0,3800,104.1
106,9.0,5278,20.0,0.0,950.0,0.0,3600,104.1
107,6.0,5700,27.5,60.0,895.0,14.0,3900,70.0
108,6.0,5700,22.5,0.0,910.0,0.0,3600,70.0
109,0.5,452,5.0,40.0,625.0,4.0,1200,84.0
110,0.5,452,5.0,0.0,650.0,0.0,1100,84.0
111,1.0,542,7.5,45.0,675.0,4.0,1400,90.0
112,1.0,542,5.0,0.0,650.0,0.0,1100,90.0
113,2.0,724,5.0,70.0,890.0,4.0,2500,91.0
114,2.0,724,5.0,0.0,780.0,0.0,1500,91.0
115,5.0,1246,15.0,80.0,1000.0,6.5,3400,104.4
116,5.0,1246,10.0,0.0,1000.0,0.0,3200,104.4
117,17.0,3180,27.5,80.0,1000.0,12.5,3900,113.76
118,17.0,3180,20.0,0.0,1000.0,0.0,3800,113.76
119,9.0,4252,27.5,82.5,980.0,13.0,3900,108.0
120,9.0,4252,20.0,0.0,980.0,0.0,3900,108.0
121,13.5,5465,25.0,82.5,950.0,16.0,3900,97.26
122,13.5,5465,22.5,0.0,950.0,0.0,3850,97.26
123,4.0,5752,26.0,85.0,910.0,17.5,3900,71.75
124,4.0,5752,20.0,0.0,920.0,0.0,3850,71.75
125,0.5,450,7.5,40.0,450.0,3.5,1000,74.0
126,1.0,540,9.0,50.0,650.0,4.5,1400,90.0
127,1.0,540,3.5,0.0,600.0,0.0,1200,90.0
128,0.5,631,12.5,50.0,775.0,9.0,2000,182.0
129,0.5,631,12.5,0.0,700.0,0.0,1200,182.0
130,6.0,1339,12.5,50.0,925.0,9.0,2800,118.0
131,6.0,1339,12.5,0.0,850.0,0.0,1950,118.0
132,12.0,2745,23.0,60.0,1000.0,9.0,3800,117.17
133,12.0,2745,17.5,0.0,1000.0,0.0,3600,117.17
134,14.5,4434,35.0,50.0,950.0,15.0,3800,116.5
135,14.5,4434,15.0,0.0,950.0,0.0,3800,116.5
136,7.5,5215,27.5,60.0,950.0,17.0,3800,104.13
137,7.5,5215,20.0,0.0,900.0,0.0,3800,104.13
138,4.5,5584,25.0,70.0,885.0,16.0,3900,82.0
139,4.5,5584,20.0,0.0,850.0,0.0,3600,82.0
140,2.5,547,2.5,55.0,550.0,4.0,1000,74.0
141,1.5,650,3.0,70.0,700.0,3.0,1400,69.0
142,12.5,2197,21.0,70.0,1000.0,17.5,3400,123.76
143,12.5,2197,6.0,0.0,1000.0,0.0,3000,123.76
144,21.5,4556,22.5,70.0,1000.0,15.0,3800,109.7
145,21.5,4556,12.0,0.0,1000.0,0.0,3500,109.7
146,1.5,457,3.0,50.0,550.0,4.5,850,88.0
147,1.5,548,3.0,50.0,750.0,4.5,1200,60.0
148,1.5,548,2.0,0.0,650.0,0.0,1100,60.0
149,3.0,732,3.0,60.0,850.0,5.5,1750,61.0
150,3.0,732,2.0,0.0,850.0,0.0,1700,61.0
151,6.5,1453,13.5,70.0,1000.0,18.5,3000,110.0
152,6.5,1453,2.0,0.0,1000.0,0.0,2600,110.0
153,3.0,1900,18.0,70.0,1000.0,17.5,3100,149.0
154,3.0,1900,7.0,0.0,1000.0,0.0,2900,149.0
155,22.5,4502,27.5,70.0,1000.0,16.0,3800,115.6
156,22.5,4502,12.0,0.0,925.0,0.0,2800,115.6
157,22.5,2800,24.0,70.0,1000.0,12.5,3550,108.7
158,22.5,2800,9.0,0.0,1000.0,0.0,3150,108.7
159,4.5,3370,25.0,70.0,1000.0,12.5,3600,108.7
160,4.5,3370,21.0,0.0,1000.0,0.0,3300,108.7
161,11.0,4501,28.0,70.0,1000.0,9.0,3950,102.82
162,11.0,4501,9.0,0.0,1000.0,0.0,3400,102.82
163,1.0,429,3.5,32.5,500.0,4.0,750,77.0
164,1.0,500,4.5,45.0,600.0,5.5,1470,71.0
165,24.0,3744,12.0,70.0,900.0,9.5,3900,135.2
166,24.0,3744,10.0,0.0,1000.0,0.0,3200,135.2
167,12.5,5346,21.0,80.0,890.0,15.5,3950,128.16
168,12.5,5346,12.0,0.0,920.0,0.0,3800,128.16
169,0.5,5375,9.0,40.0,600.0,6.0,1450,58.0
170,2.0,5550,11.0,65.0,825.0,5.0,2750,87.5
171,7.0,250,5.0,50.0,175.0,2.0,120,30.8
172,19.0,1094,15.0,85.0,400.0,4.0,560,44.4
173,10.5,2117,22.5,87.5,970.0,12.5,3400,97.0
174,4.0,2800,19.0,87.5,970.0,9.0,3450,98.0
175,6.0,4030,21.0,87.5,955.0,13.5,3900,115.0
176,5.5,400,15.0,55.0,325.0,5.0,250,43.0
177,3.5,563,17.0,80.0,425.0,5.0,350,43.0
178,7.0,838,17.0,80.0,440.0,5.0,500,39.0
179,4.5,1090,5.0,60.0,600.0,5.0,1900,56.0
180,4.6,1090,8.0,0.0,750.0,0.0,1850,56.0
181,12.0,1647,15.0,65.0,1000.0,6.0,2800,46.0
182,12.0,1647,11.0,0.0,1000.0,0.0,2700,46.0
183,12.0,2600,13.0,65.0,1000.0,8.0,3350,80.0
184,12.0,2600,7.5,0.0,1000.0,0.0,3200,80.0
185,7.0,4012,16.0,70.0,1000.0,11.5,3600,103.0
186,6.0,380,7.0,47.5,225.0,4.0,360,58.0
187,4.5,592,7.0,47.5,425.0,4.0,500,47.0
188,11.5,592,15.0,70.0,1000.0,9.0,2900,109.0
189,18.5,3620,32.5,70.0,1000.0,12.5,3650,93.0
190,18.5,3620,19.0,0.0,1000.0,0.0,3400,93.0
191,3.0,3860,33.5,70.0,1000.0,13.5,3500,80.0
192,3.0,3860,16.0,0.0,1000.0,0.0,3250,80.0
193,13.0,4794,32.5,70.0,975.0,15.0,3900,72.0
194,13.0,4794,15.0,0.0,1000.0,0.0,3850,72.0
195,10.0,250,7.0,40.0,125.0,2.5,200,21.4
196,6.0,456,8.0,70.0,225.0,2.5,300,34.3
197,6.0,670,15.0,70.0,265.0,4.5,350,35.7
198,2.5,745,19.0,50.0,450.0,3.5,700,30.0
199,8.5,1047,17.5,80.0,465.0,4.0,700,35.5
200,8.0,1276,17.0,80.0,575.0,3.5,1350,28.6
201,9.0,2038,10.0,60.0,900.0,7.0,3250,84.7
202,9.5,2935,13.0,60.0,1000.0,9.0,3600,94.4
203,9.5,2935,12.0,0.0,930.0,0.0,3350,94.4
204,4.5,3300,13.0,60.0,930.0,9.5,3500,81.0
205,4.5,3300,12.0,0.0,930.0,0.0,3350,81.0
206,24.0,5200,18.0,60.0,950.0,10.5,3800,79.0
207,24.0,5200,9.0,0.0,900.0,0.0,3700,79.0
208,6.5,5628,21.0,60.0,860.0,12.5,3800,65.8
209,6.5,150,10.0,50.0,125.0,2.5,200,17.7
210,24.0,1097,10.0,60.0,325.0,4.0,650,39.5
211,2.5,1193,10.0,50.0,480.0,3.5,1100,64.0
212,2.5,1193,7.0,0.0,480.0,0.0,1000,64.0
213,0.5,1222,10.0,50.0,500.0,3.5,1100,58.0
214,1.5,1287,10.0,60.0,650.0,3.5,1250,44.7
215,1.5,1287,10.0,0.0,650.0,0.0,1400,44.7
216,1.5,1380,10.0,50.0,750.0,5.5,2550,62.0
217,2.0,1475,10.0,50.0,750.0,5.5,2550,47.5
218,5.0,1753,10.0,55.0,725.0,5.5,2800,50.0
219,5.0,1753,5.0,0.0,725.0,0.0,1900,50.0
220,3.5,1941,10.0,55.0,725.0,5.0,2800,54.0
221,6.0,2505,10.0,55.0,725.0,5.5,2800,94.0
222,6.0,2505,5.0,0.0,725.0,0.0,1900,94.0
223,19.0,4007,30.0,60.0,975.0,14.0,3850,79.0
224,17.0,4007,13.0,0.0,975.0,0.0,3650,79.0
225,3.5,107,3.5,40.0,100.0,2.0,100,19.7
226,3.5,187,3.0,45.0,200.0,3.0,120,22.9
227,8.5,465,8.0,55.0,375.0,3.0,470,32.7
228,12.0,1101,17.0,70.0,465.0,3.5,620,53.0
229,15.0,3000,23.5,85.0,950.0,9.5,3850,127.0
230,9.0,4011,23.5,90.0,900.0,11.0,4000,112.0
231,3.5,161,8.5,50.0,125.0,2.0,40,35.7
232,8.5,556,11.5,60.0,350.0,3.5,300,46.5
233,17.0,1900,12.0,60.0,740.0,8.5,3000,79.0
234,17.0,1900,8.0,0.0,740.0,0.0,3000,79.0
235,15.5,3503,17.0,65.0,1000.0,13.5,3800,103.0
236,15.5,3503,12.0,0.0,1000.0,0.0,3300,103.0
237,5.5,3920,20.5,70.0,950.0,14.0,3700,75.8
238,5.5,3920,14.0,0.0,950.0,0.0,3500,75.8
239,1.5,4003,20.5,70.0,950.0,14.0,3700,55.0
240,1.5,4003,14.0,0.0,950.0,0.0,3500,55.0
241,2.5,160,7.0,35.0,200.0,5.0,200,50.0
242,6.5,500,8.0,40.0,425.0,3.0,1100,52.0
243,0.5,548,11.0,50.0,625.0,3.5,1350,96.0
244,13.0,1690,21.0,60.0,825.0,9.5,3100,88.0
245,13.0,1690,17.5,0.0,825.0,0.0,3100,88.0
246,24.0,3430,22.5,60.0,995.0,18.5,3650,73.0
247,24.0,3430,27.5,0.0,995.0,0.0,3600,73.0
248,13.5,4207,18.5,65.0,1000.0,15.0,3700,58.0
249,13.5,4207,24.0,0.0,1000.0,0.0,3500,58.0
250,1.5,4304,18.5,65.0,1000.0,15.0,3700,65.0
251,1.5,4304,24.0,0.0,1000.0,0.0,3500,65.0
252,3.0,4400,18.5,65.0,1000.0,15.0,3700,32.0
253,3.0,4400,24.0,0.0,1000.0,0.0,3500,32.0
254,6.0,4788,25.0,70.0,950.0,14.0,3800,65.0
255,6.0,4788,17.5,0.0,950.0,0.0,3700,65.0
256,23.5,5962,17.0,70.0,930.0,13.0,3750,50.0
257,23.5,5962,13.0,0.0,930.0,0.0,3600,50.0
258,8.0,400,8.5,55.0,285.0,3.5,420,46.0
259,1.0,523,8.5,80.0,535.0,3.5,1050,123.0
260,17.0,2000,16.0,60.0,850.0,11.0,2850,87.0
261,17.0,2000,17.5,0.0,1000.0,0.0,2800,87.0
262,10.5,2895,17.0,60.0,1000.0,16.0,3300,84.0
263,10.5,2895,16.0,0.0,1000.0,0.0,3250,84.0
264,11.0,3850,17.0,60.0,1000.0,19.5,3450,87.0
265,11.0,3850,21.5,0.0,1000.0,0.0,3450,87.0
266,16.5,5064,26.0,60.0,987.5,19.0,3950,74.0
267,16.5,5064,22.0,0.0,987.5,0.0,3750,74.0
268,19.5,5840,23.0,60.0,900.0,19.5,3950,40.0
269,19.5,5840,21.0,0.0,900.0,0.0,3950,40.0
270,0.5,5870,23.0,60.0,900.0,19.5,3950,60.0
271,9.5,527,25.0,72.5,265.0,6.5,400,51.0
272,5.5,1025,12.0,72.5,665.0,10.0,2000,91.0
273,1.5,1097,11.0,60.0,500.0,8.0,1000,47.0
274,3.5,1571,11.5,75.0,800.0,10.5,2600,135.0
275,4.5,2142,25.0,75.0,950.0,15.0,3300,127.0
276,4.5,2142,12.0,0.0,1000.0,0.0,3100,127.0
277,1.0,2238,24.0,75.0,1000.0,15.0,3400,96.0
278,1.0,2238,19.0,0.0,1000.0,0.0,3200,96.0
279,24.0,4620,24.0,67.5,1000.0,16.0,3800,99.0
280,24.0,4620,13.0,0.0,950.0,0.0,3000,99.0
281,5.5,5210,17.5,80.0,1000.0,16.0,3900,107.2
282,5.5,5210,13.0,0.0,900.0,0.0,3000,107.2
283,5.0,5745,17.5,80.0,900.0,13.0,3800,41.0
284,5.0,5745,16.0,0.0,775.0,0.0,2950,41.0
285,5.5,214,13.5,60.0,150.0,4.5,30,32.0
286,7.5,496,12.5,65.0,380.0,5.5,350,38.0
287,0.5,507,2.0,40.0,480.0,3.0,800,22.0
288,4.5,786,8.0,60.0,500.0,5.5,800,62.0
289,2.5,1012,11.0,70.0,700.0,10.0,1500,91.0
290,2.0,1206,10.0,70.0,850.0,10.0,1850,97.0
291,2.0,1206,5.0,0.0,725.0,0.0,1750,97.0
292,2.0,1397,10.0,70.0,1000.0,10.0,2500,96.0
293,2.0,1397,7.0,0.0,1000.0,0.0,2300,96.0
294,2.5,1592,14.0,70.0,1000.0,11.5,2900,78.0
295,2.5,1592,14.0,0.0,1000.0,0.0,2300,78.0
296,2.0,1785,15.0,70.0,1000.0,7.5,3000,97.0
297,2.0,1785,17.5,0.0,1000.0,0.0,2900,97.0
298,2.0,1976,15.0,67.5,995.0,7.5,3000,96.0
299,2.0,1976,17.5,0.0,1000.0,0.0,2900,96.0
300,1.5,2170,17.5,65.0,1000.0,9.5,3200,129.0
301,1.5,2170,22.5,0.0,1000.0,0.0,3050,129.0
302,24.0,4472,23.0,70.0,1000.0,17.0,3700,96.0
303,24.0,4472,12.0,0.0,1000.0,0.0,3500,96.0
304,10.0,5270,22.5,70.0,1000.0,19.5,3900,80.0
305,10.0,5270,8.0,0.0,1000.0,0.0,3500,80.0
306,11.5,5838,26.0,65.0,920.0,19.5,3800,49.0
307,11.5,5838,9.0,0.0,900.0,0.0,3300,49.0
308,8.0,502,8.5,70.0,265.0,5.0,700,58.0
309,6.0,1013,15.0,75.0,640.0,10.0,2400,85.0
310,14.0,2500,17.0,67.5,1000.0,11.5,3100,106.0
311,14.0,2500,8.0,0.0,1000.0,0.0,2700,106.0
312,10.3,3431,23.0,75.0,1000.0,12.5,3300,89.0
313,10.3,3431,15.0,0.0,1000.0,0.0,3100,89.0
314,7.0,3865,16.0,75.0,1000.0,15.0,3700,87.0
315,7.0,3865,15.0,0.0,1000.0,0.0,3300,87.0
316,1.3,4018,18.5,75.0,1000.0,14.0,3600,102.0
317,1.3,4018,16.0,0.0,1000.0,0.0,3400,102.0
318,3.0,190,5.0,60.0,180.0,1.5,230,51.0
319,5.5,645,10.0,80.0,650.0,2.5,700,83.0
320,13.0,2400,27.5,60.0,1000.0,17.5,3250,135.0
321,13.0,2400,17.5,0.0,1000.0,0.0,2400,135.0
322,2.5,2691,27.5,70.0,1000.0,16.0,3450,116.0
323,2.5,2691,8.0,0.0,1000.0,0.0,3150,116.0
324,13.0,4006,30.0,70.0,1000.0,16.0,3600,102.0
325,13.0,4006,8.0,0.0,1000.0,0.0,3300,102.0
326,7.0,4950,20.0,70.0,900.0,10.0,3150,126.0
327,7.0,4950,12.0,0.0,900.0,0.0,2950,126.0
328,9.0,5670,25.0,65.0,862.5,15.0,3700,80.0
329,9.0,5670,12.0,0.0,825.0,0.0,2950,80.0
330,8.0,580,10.0,60.0,440.0,2.5,650,68.0
331,5.0,920,20.0,80.0,880.0,6.0,1950,68.0
332,12.5,2000,20.0,60.0,1000.0,17.5,3200,86.0
333,12.5,2000,8.0,0.0,1000.0,0.0,3000,86.0
334,24.0,4390,27.5,60.0,1000.0,17.5,3900,99.58
335,24.0,4390,8.0,0.0,1000.0,0.0,3600,99.58
336,17.5,5728,27.5,65.0,875.0,17.5,3950,76.0
337,17.5,5728,8.0,0.0,900.0,0.0,3600,76.0
338,3.0,6027,27.5,70.0,815.0,17.5,2800,99.66
339,6.0,150,7.0,55.0,110.0,1.5,450,19.0
340,2.0,157,7.0,55.0,170.0,1.5,450,5.0
341,8.5,822,18.0,80.0,525.0,4.0,800,78.0
342,4.5,1470,27.5,65.0,1000.0,18.5,3300,144.0
343,2.5,4020,28.5,65.0,1000.0,17.5,3900,76.0
344,19.0,5675,24.0,80.0,865.0,16.0,3800,116.0
345,19.0,5675,7.0,0.0,865.0,0.0,3800,116.0
346,0.5,5710,21.0,80.0,800.0,13.0,2850,70.0
347,0.5,5771,21.0,80.0,800.0,13.0,2850,122.0
348,10.0,6580,25.0,70.0,825.0,15.0,3500,87.0
349,8.0,6850,21.0,40.0,550.0,13.0,2000,34.0
350,5.0,7030,27.0,60.0,830.0,16.0,3800,36.0
351,5.0,7030,14.0,0.0,830.0,0.0,3600,36.0
352,14.0,7570,35.0,80.0,820.0,16.0,3900,39.0
353,14.0,7570,22.0,0.0,800.0,0.0,3600,39.0
354,10.0,7865,35.0,40.0,550.0,13.0,2400,29.5
355,16.0,8230,25.0,40.0,550.0,15.5,2600,23.0
356,2.0,8296,37.5,80.0,750.0,17.0,3900,33.0
357,18.0,4852,17.5,75.0,900.0,9.5,3500,79.0
358,18.0,4852,12.0,0.0,900.0,0.0,3500,79.0
359,15.0,5722,21.5,75.0,900.0,16.5,3700,58.0
360,15.0,5722,10.0,0.0,900.0,0.0,3400,58.0
361,19.5,6510,27.5,80.0,900.0,15.0,3800,40.0
362,4.0,6530,0.0,0.0,900.0,0.0,3550,5.0
363,7.0,6739,27.5,70.0,880.0,17.0,3900,30.0
364,2.0,6743,19.0,40.0,550.0,11.5,1950,2.0
365,7.0,6786,27.5,40.0,550.0,16.0,1900,6.0
366,1.0,6788,27.5,40.0,550.0,15.0,1900,2.0
367,7.0,6976,6.0,40.0,600.0,11.5,2600,27.0
368,12.0,7744,27.5,80.0,800.0,17.5,4000,64.0
369,12.0,8055,20.5,40.0,600.0,18.0,2700,26.0
370,17.5,8550,27.5,40.0,600.0,22.0,2800,28.0
371,3.0,8720,11.5,50.0,420.0,21.0,1700,57.0
372,4.0,5250,19.0,80.0,850.0,14.0,3800,58.0
373,4.0,5250,12.5,0.0,850.0,0.0,3450,58.0
374,9.5,5692,15.0,80.0,850.0,15.5,3500,46.5
375,9.5,5692,12.0,0.0,850.0,0.0,3200,46.5
376,1.0,5788,15.0,80.0,850.0,15.0,3500,96.0
377,11.0,6842,23.0,80.0,900.0,16.0,3750,95.8
378,11.0,6842,7.0,0.0,900.0,0.0,3100,95.8
379,12.5,7134,22.0,40.0,550.0,12.0,2000,23.4
380,11.5,7509,26.0,80.0,875.0,15.0,3900,32.6
381,11.5,7509,25.0,0.0,900.0,0.0,3600,32.6
382,13.0,7931,32.5,80.0,800.0,15.0,3650,32.5
383,5.5,8115,30.0,80.0,800.0,12.0,3900,35.5
384,5.0,8235,26.0,40.0,550.0,12.5,2500,24.0
385,2.0,8278,26.0,40.0,525.0,12.5,2500,21.5
386,19.0,8680,37.5,70.0,740.0,12.5,3800,21.4
387,19.0,8680,25.0,0.0,675.0,0.0,3200,21.4
388,3.5,8736,37.5,80.0,780.0,12.5,3800,16.0
389,1.5,8760,7.0,50.0,700.0,10.0,3150,16.0
390,1.5,8760,25.0,0.0,700.0,0.0,3100,16.0
391,20.5,9196,18.0,80.0,750.0,13.0,3850,21.3
392,20.5,9196,13.0,0.0,700.0,0.0,3200,21.3
393,4.5,9394,20.0,80.0,730.0,17.5,3900,44.0
394,4.5,9602,20.0,80.0,715.0,17.5,3900,46.2
395,0.5,5946,12.0,40.0,700.0,19.0,2500,128.0
396,8.0,6514,21.5,80.0,875.0,18.5,3850,71.0
397,8.0,6514,9.0,0.0,850.0,0.0,3400,71.0
398,4.5,6715,21.5,80.0,875.0,18.5,3850,44.6
399,4.5,6715,8.0,0.0,850.0,0.0,3400,44.6
400,7.5,6997,20.0,80.0,850.0,20.5,3850,37.6
401,7.5,6997,15.0,0.0,820.0,0.0,3300,37.6
402,8.0,7250,6.0,40.0,650.0,10.0,2450,31.6
403,8.5,7780,30.0,80.0,800.0,20.5,3850,62.3
404,12.5,8190,37.5,80.0,760.0,18.0,3900,32.8
405,12.5,8190,22.0,0.0,750.0,0.0,3600,32.8
406,7.5,8400,22.0,40.0,650.0,16.0,3000,28.0
407,5.5,8590,35.0,50.0,800.0,15.5,3800,34.5
408,19.5,8852,30.0,60.0,775.0,18.5,3800,13.4
409,19.5,8852,20.0,0.0,750.0,0.0,3500,13.4
410,2.0,8885,20.0,75.0,775.0,17.5,3900,16.5
411,4.0,9015,12.5,80.0,790.0,18.0,3900,32.5
412,2.5,9071,12.5,80.0,790.0,18.0,3800,22.4
413,7.0,9304,12.5,80.0,790.0,16.0,3950,33.3
414,14.0,9625,12.5,80.0,760.0,16.0,3800,23.0
415,14.0,9625,12.5,0.0,750.0,0.0,3500,23.0
416,7.5,6635,15.0,75.0,875.0,18.0,3800,50.0
417,7.5,6635,14.0,0.0,850.0,0.0,3450,50.0
418,9.0,6885,12.0,40.0,650.0,18.0,2400,27.8
419,7.5,7193,20.0,80.0,850.0,19.0,3800,41.0
420,14.0,7760,37.5,80.0,795.0,19.5,3900,40.5
421,9.5,7965,21.0,40.0,650.0,20.5,2800,21.6
422,5.5,8150,22.5,50.0,800.0,19.0,3600,33.6
423,10.5,8351,25.0,70.0,800.0,19.5,3600,19.1
424,4.0,8498,15.0,60.0,725.0,20.0,3700,37.0
425,8.0,8780,10.5,80.0,800.0,21.5,3800,35.25
426,11.5,9142,12.0,80.0,780.0,22.0,3800,31.48
427,0.5,5450,10.0,40.0,525.0,6.5,2000,88.8
428,8.0,6370,11.0,87.5,875.0,11.0,3400,115.0
429,1.5,6430,12.0,40.0,600.0,5.0,1800,40.0
430,6.5,6642,10.0,40.0,600.0,6.0,2000,32.61
431,9.0,7212,21.5,90.0,890.0,10.0,3900,63.33
432,8.5,7412,18.5,40.0,625.0,5.5,2200,23.53
433,17.0,7805,15.0,40.0,600.0,4.5,2300,23.12
434,6.5,7918,27.5,65.0,750.0,6.5,3800,17.38
435,0.5,5731,11.0,40.0,650.0,13.0,2000,62.0
436,3.5,6060,18.5,50.0,750.0,16.0,2850,94.0
437,10.0,6830,25.0,55.0,815.0,21.0,3500,77.0
438,10.0,6830,20.0,0.0,815.0,0.0,3300,77.0
439,9.0,7128,22.5,40.0,725.0,14.0,3900,33.11
440,5.0,7370,31.5,80.0,820.0,18.0,3800,48.4
441,5.0,7370,15.0,0.0,820.0,0.0,3500,48.4
442,12.0,7785,35.0,80.0,830.0,21.0,3800,34.6
443,12.0,7785,22.0,0.0,840.0,0.0,3700,34.6
444,12.0,8000,20.0,37.5,750.0,13.5,3800,17.9
445,21.5,8575,17.5,40.0,735.0,17.5,3650,26.74
446,6.0,8775,14.0,55.0,750.0,19.0,3800,33.33
447,6.0,8775,15.0,0.0,740.0,0.0,3800,33.33
448,18.0,9505,17.5,55.0,715.0,19.0,3600,40.55
449,18.0,9505,14.0,0.0,710.0,0.0,3600,40.55
450,2.0,5819,12.5,40.0,500.0,14.5,1600,53.5
451,14.0,6845,17.5,75.0,775.0,18.0,3600,73.28
452,14.0,6845,17.5,0.0,875.0,0.0,3200,73.25
453,6.0,7050,15.0,40.0,650.0,17.5,2300,34.16
454,0.5,7065,15.0,40.0,650.0,17.5,2300,30.0
455,16.5,7810,24.0,75.0,855.0,19.5,3900,45.15
456,16.5,7810,22.0,0.0,850.0,0.0,3800,45.15
457,7.0,7990,25.0,40.0,650.0,19.5,2600,25.7
458,13.0,8342,22.5,40.0,650.0,22.0,2700,27.07
459,8.5,8513,22.5,40.0,700.0,22.0,3200,20.11
460,3.5,8670,16.5,80.0,775.0,22.0,3900,44.86
461,24.0,9392,14.0,80.0,755.0,23.0,3950,30.08
462,24.0,9392,15.0,0.0,770.0,0.0,3800,30.08
463,24.0,9770,14.0,80.0,740.0,22.5,3900,15.75
464,2.0,9792,14.0,80.0,740.0,22.5,3900,11.0
465,7.5,9855,12.5,70.0,710.0,22.5,3900,8.4
466,7.5,9855,15.0,0.0,710.0,0.0,3800,6.0
467,22.5,10280,14.0,70.0,710.0,22.5,3900,10.88
468,22.5,10280,12.5,0.0,710.0,0.0,3850,10.88
469,1.0,5645,12.5,50.0,600.0,17.5,2100,61.0
470,3.5,5952,17.5,75.0,700.0,17.5,2600,87.71
471,3.5,5952,20.0,0.0,800.0,0.0,2600,87.71
472,4.5,6327,18.0,60.0,775.0,18.0,3200,83.33
473,4.5,6327,20.0,0.0,750.0,0.0,2600,83.33
474,6.5,6665,21.0,55.0,800.0,18.0,3200,52.0
475,6.5,6665,17.5,0.0,800.0,0.0,3000,52.0
476,5.5,6860,12.5,40.0,675.0,16.5,2500,35.45
477,12.0,7550,25.0,65.0,835.0,19.5,3900,57.5
478,12.0,7550,17.5,0.0,800.0,0.0,3200,57.5
479,0.5,7570,25.0,70.0,840.0,19.5,3900,10.0
480,23.5,8220,20.0,40.0,700.0,20.5,3100,27.65
481,2.5,8295,20.0,40.0,700.0,20.5,3100,30.0
482,12.0,8855,12.0,70.0,780.0,22.0,3900,46.66
483,7.5,9042,15.0,70.0,780.0,22.0,3900,24.93
484,7.5,9042,20.0,0.0,780.0,0.0,3800,24.93
485,4.5,9229,12.5,80.0,780.0,22.0,3900,41.55
486,8.5,9418,20.0,80.0,770.0,22.0,3900,22.23
487,9.5,9580,20.0,80.0,765.0,22.0,3900,17.05
488,6.0,9699,22.5,80.0,745.0,22.0,3900,19.83
489,15.0,10024,24.0,80.0,715.0,22.0,3950,21.66
490,10.0,6530,18.0,80.0,900.0,16.0,3700,88.0
491,10.0,6530,13.0,0.0,900.0,0.0,3200,88.0
492,6.5,6705,8.0,40.0,650.0,11.0,2250,27.0
493,5.0,6820,9.0,40.0,650.0,11.0,2350,23.0
494,19.0,7605,31.5,80.0,880.0,18.5,3850,41.31
495,19.0,7605,24.0,0.0,840.0,0.0,3600,41.31
496,1.0,7640,31.5,80.0,860.0,18.5,3850,35.0
497,23.0,8205,20.0,40.0,650.0,20.0,2850,24.56
498,7.0,8327,20.0,40.0,650.0,20.0,2850,17.43
499,2.0,8353,32.5,80.0,810.0,21.0,3850,13.0
500,8.0,5474,32.5,80.0,880.0,20.0,3800,121.5
501,8.0,5474,17.5,0.0,900.0,0.0,3700,121.5
502,0.5,5666,32.5,80.0,850.0,18.5,3800,192.0
503,0.5,5760,32.5,80.0,900.0,17.5,3300,156.0
504,9.5,6616,27.5,80.0,880.0,19.5,3800,90.0
505,9.5,6616,12.0,0.0,900.0,0.0,3200,90.0
506,13.0,6970,17.0,42.5,640.0,18.0,2500,27.0
507,1.5,7015,32.5,80.0,830.0,19.5,3800,30.0
508,5.5,7279,32.5,80.0,850.0,19.5,3800,48.0
509,5.5,7450,35.0,80.0,820.0,19.5,3800,31.0
510,1.5,7474,37.5,80.0,830.0,19.5,3800,16.0
511,3.0,7566,37.5,80.0,820.0,19.5,3800,30.67
512,3.0,7638,37.5,80.0,800.0,19.5,3800,24.0
513,4.0,7764,13.0,80.0,850.0,20.0,3800,31.5
514,17.0,8150,10.0,42.5,640.0,22.0,2700,22.7
515,4.0,8205,8.0,55.0,625.0,23.0,2400,13.8
516,19.0,8400,14.5,70.0,600.0,23.0,2500,10.2
517,6.0,8476,25.0,75.0,680.0,21.0,3800,12.7
518,10.0,5649,18.5,80.0,850.0,11.5,3950,114.8
519,12.0,6728,24.0,80.0,885.0,13.5,3900,90.0
520,12.0,6728,13.0,0.0,845.0,0.0,3300,90.0
521,2.5,6758,19.0,0.0,800.0,0.0,3100,12.0
522,11.0,7080,12.0,40.0,650.0,7.5,2400,29.27
523,10.5,7465,33.0,70.0,845.0,13.0,3950,36.66
524,10.5,7465,22.5,0.0,800.0,0.0,3400,36.66
525,10.5,7940,24.0,70.0,820.0,14.0,3900,41.3
526,12.5,8225,18.0,40.0,650.0,8.5,2900,22.8
527,1.0,8249,18.0,40.0,650.0,8.5,2900,24.0
528,19.0,8608,21.0,75.0,800.0,18.0,3800,18.9
529,3.5,8640,17.5,80.0,780.0,15.0,3800,9.14
530,9.0,9078,18.0,70.0,450.0,18.5,2350,48.7
531,8.0,6347,17.5,72.5,875.0,8.0,3400,99.6
532,8.0,6347,9.0,0.0,850.0,0.0,2800,99.6
533,10.0,6633,12.0,40.0,600.0,5.0,1900,28.5
534,0.5,6650,17.0,40.0,600.0,5.5,1900,36.0
535,5.0,7000,21.0,80.0,900.0,11.0,3700,70.0
536,7.0,7375,26.0,80.0,900.0,11.0,3900,53.6
537,17.0,7805,14.0,40.0,600.0,6.0,2200,25.3
538,9.5,8021,17.5,40.0,600.0,6.0,2200,22.7
539,1.5,8068,26.0,80.0,840.0,9.0,3900,31.3
540,0.5,8084,2.0,90.0,790.0,5.0,3850,32.0
541,5.5,8706,10.0,90.0,785.0,12.5,3900,113.0
542,3.5,4290,27.0,75.0,750.0,10.0,3550,73.0
543,11.0,5503,15.0,80.0,870.0,7.5,3900,77.0
544,8.5,6530,28.0,80.0,875.0,11.0,3800,121.0
545,7.0,6760,27.0,42.5,500.0,10.0,1700,33.0
546,3.0,6875,8.0,80.0,850.0,10.0,3900,22.0
547,1.0,6920,8.0,80.0,850.0,10.0,3900,45.0
548,11.5,7345,24.5,80.0,790.0,15.0,3900,17.0
549,11.5,7345,29.0,0.0,800.0,0.0,3600,17.0
550,5.5,7411,31.0,80.0,800.0,10.0,3900,12.0
551,5.5,7411,23.5,0.0,800.0,0.0,3650,12.0
552,5.0,7510,34.0,80.0,770.0,10.5,3900,17.0
553,2.0,7623,11.0,80.0,760.0,10.0,3900,57.0
554,17.5,7930,10.0,45.0,525.0,11.0,2100,18.0
555,10.5,8010,10.0,40.0,500.0,15.0,2000,8.0
556,11.5,8203,30.0,55.0,750.0,10.0,3850,17.0
557,11.5,8203,13.5,0.0,750.0,0.0,3800,17.0
558,10.0,4700,7.0,70.0,900.0,5.5,3550,69.0
559,10.0,4700,10.0,0.0,900.0,0.0,3600,69.0
560,8.5,5513,17.0,70.0,830.0,11.5,3800,96.0
561,8.5,5513,10.0,0.0,830.0,0.0,3550,96.0
562,5.5,6060,19.0,80.0,850.0,12.0,3700,100.0
563,5.5,6060,14.0,0.0,850.0,0.0,3400,100.0
564,6.0,6590,21.0,80.0,835.0,12.0,3900,88.0
565,6.0,6590,11.0,0.0,850.0,0.0,3550,88.0
566,8.5,6828,13.0,40.0,550.0,13.0,2200,28.0
567,9.5,7121,23.0,80.0,800.0,16.0,3950,31.0
568,9.5,7121,11.0,0.0,800.0,0.0,3800,31.0
569,22.5,7670,26.0,80.0,780.0,15.0,3900,24.0
570,22.5,7670,20.0,0.0,780.0,0.0,3800,24.0
571,1.5,7700,31.0,40.0,550.0,13.0,2450,21.0
572,6.0,7852,31.0,40.0,550.0,13.0,2450,25.0
573,16.0,8250,24.0,60.0,750.0,16.5,3900,25.0
574,16.0,8250,28.0,0.0,750.0,0.0,3800,25.0
575,2.0,8272,33.0,60.0,730.0,16.5,3800,11.0
576,1.5,4941,22.5,80.0,850.0,8.5,2900,98.0
577,1.5,4941,12.5,0.0,750.0,0.0,2350,98.0
578,4.5,5250,22.5,80.0,850.0,8.5,3450,69.0
579,4.5,5250,12.5,0.0,750.0,0.0,2700,69.0
580,1.5,5352,22.5,70.0,860.0,18.0,3650,68.0
581,1.5,5352,8.0,0.0,860.0,0.0,3200,68.0
582,1.0,3435,22.5,70.0,860.0,18.0,3650,83.0
583,1.0,3435,8.0,0.0,860.0,0.0,3200,83.0
584,5.5,6014,22.5,70.0,860.0,18.0,3650,105.0
585,5.5,6014,8.0,0.0,860.0,0.0,3200,105.0
586,4.5,6520,22.5,80.0,850.0,18.0,3000,76.0
587,4.5,6520,10.0,0.0,850.0,0.0,3050,76.0
588,7.0,7094,22.5,65.0,845.0,14.0,3550,82.0
589,7.0,7094,11.0,0.0,850.0,0.0,3550,82.0
590,10.0,7380,13.0,40.0,550.0,13.0,2000,28.6
591,7.0,7680,17.5,70.0,850.0,17.0,3800,43.0
592,22.0,8240,27.5,65.0,820.0,20.0,3900,25.5
593,22.0,8240,25.0,0.0,775.0,0.0,3600,25.5
594,2.0,8290,27.5,40.0,550.0,21.5,2300,25.0
595,9.0,8466,33.0,40.0,550.0,23.0,2300,19.6
596,4.5,8599,25.0,65.0,750.0,19.0,3800,29.5
597,4.5,8599,28.0,0.0,750.0,0.0,3700,29.5
598,8.0,8770,22.5,65.0,750.0,21.5,3700,21.4
599,8.0,8770,28.0,0.0,740.0,0.0,3700,21.4
600,16.5,8994,27.5,65.0,762.5,23.0,3850,13.6
601,16.5,8994,27.5,0.0,752.5,0.0,3750,13.6
602,21.0,6560,17.0,55.0,765.0,14.5,3800,44.4
603,21.0,6560,11.0,0.0,850.0,0.0,3250,44.4
604,2.0,6587,14.0,0.0,800.0,0.0,3550,13.5
605,13.0,7505,26.0,70.0,800.0,12.0,3850,54.6
606,3.0,7600,31.0,40.0,500.0,15.5,2000,31.6
607,6.0,7762,17.0,40.0,520.0,15.5,2400,24.0
608,10.0,8055,29.0,60.0,735.0,13.0,3800,29.0
609,10.0,8055,4.5,0.0,700.0,0.0,3400,29.0
610,10.5,8181,41.5,60.0,755.0,13.0,3800,13.0
611,4.0,8245,17.0,60.0,725.0,14.5,3800,16.0
612,4.0,8245,12.5,0.0,700.0,0.0,3400,16.0
613,6.0,8304,17.0,60.0,725.0,14.5,3800,10.0
614,6.0,8304,12.5,0.0,700.0,0.0,3400,10.0
615,12.5,8961,18.5,70.0,690.0,19.0,3800,55.0
616,12.5,8961,17.0,0.0,700.0,0.0,3800,55.0
617,8.5,9546,8.0,40.0,360.0,19.0,2450,68.0
618,1.0,4100,10.0,50.0,600.0,14.5,1850,92.0
619,10.0,5329,17.0,70.0,810.0,15.5,3700,123.0
620,10.0,5329,15.0,0.0,900.0,0.0,3250,123.0
621,7.0,5766,18.0,70.0,800.0,15.5,3950,63.0
622,7.0,5766,15.0,0.0,870.0,0.0,3650,63.0
623,12.5,6669,17.0,60.0,860.0,14.5,3500,72.24
624,12.5,6669,15.0,0.0,860.0,0.0,3300,72.24
625,4.5,6805,12.0,40.0,500.0,9.0,1700,30.0
626,4.0,6925,12.0,40.0,500.0,9.0,1700,30.0
627,20.0,7610,25.0,65.0,840.0,15.0,3950,34.0
628,25.0,7610,18.0,0.0,840.0,0.0,3650,34.0
629,11.0,7850,32.0,40.0,520.0,15.5,2250,22.0
630,13.0,8200,23.0,50.0,710.0,15.0,3550,27.0
631,13.0,8200,25.0,0.0,7200.0,0.0,3600,27.0
632,7.0,8286,36.0,50.0,760.0,15.0,3800,12.0
633,23.5,8970,17.5,45.0,675.0,21.0,3800,30.0
634,23.5,8970,12.0,0.0,705.0,0.0,3500,30.0
635,2.5,9072,17.5,45.0,675.0,21.0,3800,41.0
636,9.5,4670,10.5,65.0,750.0,10.0,3900,70.0
637,9.5,4670,7.0,0.0,750.0,0.0,3400,70.0
638,14.5,5600,8.0,70.0,845.0,10.0,3800,64.0
639,14.5,5600,7.0,0.0,845.0,0.0,3500,64.0
640,3.0,5890,21.0,70.0,840.0,13.5,3800,97.0
641,7.0,6585,24.5,72.5,850.0,13.0,3700,100.0
642,7.0,6585,6.0,0.0,850.0,0.0,3700,100.0
643,9.5,6864,26.0,40.0,500.0,9.5,1800,30.0
644,7.5,7060,22.5,77.5,860.0,13.0,3850,26.0
645,15.5,7583,35.0,80.0,805.0,13.0,3950,34.0
646,1.5,7643,35.0,80.0,805.0,13.0,3950,40.0
647,6.0,7770,34.0,40.0,500.0,13.0,2150,22.0
648,6.0,7890,34.0,40.0,500.0,13.0,2150,20.0
649,21.5,8345,38.0,65.0,745.0,12.5,3900,21.0
650,21.5,8345,26.0,0.0,720.0,0.0,3850,21.0
651,1.5,8358,38.0,65.0,745.0,12.5,3900,9.0
652,1.5,8358,26.0,0.0,720.0,0.0,3850,9.0
653,1.0,8418,9.5,60.0,390.0,12.5,2350,60.0
654,16.0,9250,13.5,75.0,440.0,16.0,2350,52.0
655,16.0,9250,19.5,0.0,440.0,0.0,2150,52.0
656,20.5,5813,15.5,65.0,825.0,17.0,3900,88.0
657,20.5,5813,12.0,0.0,875.0,0.0,3700,88.0
658,11.5,6738,19.5,70.0,870.0,19.0,3800,80.0
659,11.5,6738,11.0,0.0,880.0,0.0,3450,80.0
660,6.0,6880,9.0,40.0,550.0,19.5,2100,24.0
661,3.0,6970,9.0,40.0,550.0,20.5,2100,30.0
662,15.0,7595,20.0,70.0,840.0,20.5,3900,42.0
663,6.0,7710,25.0,35.0,550.0,21.0,2350,19.0
664,24.0,8250,22.5,35.0,575.0,21.0,2800,22.5
665,1.5,8280,22.5,35.0,575.0,21.0,2800,20.0
666,4.5,6232,10.0,70.0,700.0,19.5,2100,60.0
667,9.5,6522,3.0,40.0,600.0,17.0,1600,31.0
668,2.0,6619,10.0,70.0,700.0,14.5,2250,49.0
669,5.0,6743,10.0,70.0,700.0,19.5,2250,25.0
670,5.0,6743,24.0,0.0,700.0,0.0,2150,25.0
671,9.0,6997,7.0,40.0,600.0,19.5,2000,28.0
672,10.0,7490,13.0,75.0,850.0,19.5,3800,50.0
673,3.0,7620,13.0,75.0,850.0,19.5,3800,45.0
674,21.0,8169,15.0,40.0,600.0,17.5,2500,26.0
675,0.5,8180,15.0,37.5,600.0,17.5,2500,25.0
676,2.5,8266,18.5,70.0,820.0,17.0,3900,35.0
677,2.5,8363,18.5,70.0,820.0,17.0,3900,39.0
678,1.0,8373,18.5,70.0,820.0,17.0,3900,10.0
679,3.0,8393,18.5,0.0,800.0,0.0,3900,7.0
680,4.0,8460,18.5,70.0,800.0,21.5,3900,16.75
681,2.0,8540,6.5,65.0,740.0,23.0,3900,26.66
682,2.0,8540,7.0,0.0,740.0,0.0,3700,26.66
683,13.0,9102,10.0,60.0,710.0,19.5,3950,43.0
684,8.0,6417,15.0,65.0,850.0,19.0,3000,70.0
685,4.5,6637,8.5,70.0,850.0,19.0,3000,50.0
686,9.5,6888,12.0,40.0,575.0,19.5,2100,26.0
687,10.0,7135,15.0,80.0,850.0,20.0,3850,24.7
688,14.0,7557,25.0,80.0,850.0,20.0,3950,30.0
689,14.0,7557,17.5,0.0,850.0,0.0,3650,30.0
690,10.0,7800,12.0,40.0,600.0,19.0,2860,24.0
691,14.0,8128,12.0,40.0,600.0,19.0,2860,23.0
692,17.5,9055,15.0,75.0,750.0,20.0,3900,52.97
693,2.5,5958,17.5,80.0,900.0,15.0,3800,85.2
694,5.0,6441,17.5,80.0,900.0,15.0,3800,96.6
695,7.0,6858,20.0,75.0,850.0,14.5,3600,59.57
696,7.0,6858,9.0,0.0,800.0,0.0,2600,59.57
697,5.5,7020,9.0,40.0,550.0,15.0,1800,29.45
698,1.5,7055,11.5,40.0,550.0,14.5,1900,23.33
699,7.0,7213,14.0,40.0,550.0,15.0,1800,22.57
700,17.0,7910,27.5,75.0,850.0,17.0,3800,41.0
701,3.5,8055,29.0,75.0,850.0,17.0,3900,41.4
702,20.5,8565,27.5,40.0,550.0,18.5,2200,24.87
703,6.5,8737,24.0,40.0,550.0,18.5,2200,26.46
704,20.0,8962,14.0,70.0,675.0,19.0,3200,11.25
705,20.0,8962,7.5,0.0,600.0,0.0,2300,11.25
706,24.0,9245,21.5,57.5,750.0,18.0,2600,11.8
707,24.0,9245,7.5,0.0,625.0,0.0,2250,11.8
708,4.0,9331,21.5,60.0,750.0,20.0,3800,21.5
709,4.0,9331,7.5,0.0,600.0,0.0,2300,21.5
710,7.0,9660,21.5,60.0,750.0,20.0,3800,41.0
711,10.5,6260,17.0,80.0,880.0,16.5,3100,40.2
712,10.5,6260,13.0,0.0,750.0,0.0,2650,40.2
713,9.0,6611,14.0,80.0,880.0,17.0,3600,39.0
714,9.0,6611,12.0,0.0,750.0,0.0,2600,39.0
715,12.5,6891,10.0,40.0,550.0,17.0,1800,22.4
716,2.5,7070,13.0,70.0,800.0,15.0,3250,71.6
717,11.5,7515,28.0,72.5,805.0,20.0,3750,38.7
718,11.5,7515,19.0,0.0,700.0,0.0,2800,38.7
719,2.5,7610,28.0,75.0,830.0,20.0,3750,38.0
720,9.0,7855,11.0,40.0,550.0,18.0,2000,27.2
721,21.0,8169,25.0,45.0,575.0,19.0,2600,15.0
722,2.5,8304,19.0,90.0,780.0,22.0,3900,38.4
723,14.5,8978,20.0,85.0,760.0,19.0,3800,46.5
724,14.5,8978,14.0,0.0,725.0,0.0,3600,46.5
725,1.3,5562,20.5,75.0,875.0,14.5,3800,114.0
726,3.3,5998,25.0,70.0,830.0,19.5,3900,125.0
727,1.0,6094,22.5,70.0,800.0,17.5,3200,96.0
728,8.0,7000,27.5,75.0,870.0,17.5,3800,113.0
729,9.0,7240,14.0,40.0,550.0,11.5,1900,27.0
730,4.0,7353,17.0,40.0,550.0,11.5,2000,28.0
731,8.0,7858,27.5,80.0,815.0,17.5,3850,63.0
732,11.0,8215,25.5,85.0,790.0,17.5,3850,32.0
733,11.0,8215,23.0,0.0,725.0,0.0,3400,32.0
734,8.0,8417,27.5,40.0,550.0,16.0,2300,25.0
735,21.0,8965,27.5,40.0,550.0,18.5,2500,27.0
736,1.5,5850,25.0,60.0,825.0,15.0,3700,120.0
737,1.5,5850,12.0,0.0,825.0,0.0,2950,120.0
738,4.0,6160,25.0,70.0,860.0,18.5,3600,77.5
739,4.0,6160,20.0,0.0,840.0,0.0,2800,77.5
740,16.0,6550,17.5,60.0,830.0,20.0,3400,25.0
741,16.0,6550,20.0,0.0,830.0,0.0,2800,25.0
742,8.0,6710,25.0,60.0,580.0,15.0,2045,8.0
743,4.0,6768,25.0,40.0,590.0,21.5,2045,14.5
744,14.0,7106,25.0,65.0,860.0,13.5,3700,25.0
745,8.0,7486,22.5,80.0,750.0,19.0,3900,48.0
746,4.0,7607,22.5,80.0,750.0,19.0,3900,26.8
747,9.5,7859,12.5,40.0,550.0,19.0,2200,26.5
748,11.0,8067,27.5,80.0,850.0,16.0,3900,18.0
749,9.5,8570,27.5,80.0,850.0,16.0,3900,53.0
750,19.0,9167,22.5,80.0,740.0,20.0,3900,31.0
751,6.5,6480,27.5,70.0,880.0,17.5,2800,70.0
752,4.5,6610,7.0,40.0,600.0,15.0,1800,29.0
753,5.0,6745,7.0,40.0,600.0,15.0,1800,27.0
754,10.5,7545,23.5,80.0,880.0,20.0,3600,76.0
755,8.5,7780,7.0,40.0,600.0,17.0,1800,27.65
756,4.5,7895,7.0,40.0,600.0,17.0,1800,25.55
757,1.5,7962,27.5,80.0,850.0,17.0,3800,44.66
758,1.5,8064,18.5,80.0,780.0,17.0,3800,68.0
759,12.0,8944,18.5,77.5,765.0,16.5,3800,73.0
760,6.0,4760,22.5,70.0,830.0,11.0,3200,123.0
761,6.0,4760,10.0,0.0,830.0,0.0,3200,123.0
762,2.0,4968,22.5,70.0,830.0,11.0,3500,104.0
763,2.0,4968,10.0,0.0,830.0,0.0,3200,104.0
764,10.5,5987,22.5,75.0,830.0,11.0,3850,97.0
765,10.5,5987,10.0,0.0,830.0,0.0,3300,97.0
766,2.0,6176,22.5,70.0,830.0,11.0,3250,106.0
767,3.5,6490,22.5,70.0,830.0,13.0,3250,82.0
768,3.0,6613,10.0,40.0,500.0,13.5,1700,41.0
769,6.5,6840,22.5,75.0,830.0,16.0,3700,35.0
770,6.5,6840,11.5,0.0,50.0,0.0,2800,35.0
771,2.0,6878,19.0,40.0,550.0,15.5,2100,19.0
772,8.5,7090,19.0,40.0,550.0,15.5,2100,25.0
773,1.0,7116,19.0,80.0,800.0,18.0,3600,26.0
774,8.0,7290,12.5,60.0,780.0,18.0,3600,22.0
775,8.0,7290,10.0,0.0,780.0,0.0,3500,22.0
776,19.0,7954,25.0,80.0,760.0,17.5,3700,30.0
777,19.0,7954,17.0,0.0,760.0,0.0,3400,30.0
778,5.0,8080,21.5,40.0,500.0,14.0,1850,27.0
779,10.0,8380,36.5,80.0,750.0,16.0,3750,30.0
780,7.0,8465,36.5,70.0,750.0,16.0,3750,12.0
781,3.5,8725,17.0,70.0,700.0,19.5,3800,74.0
782,17.0,9390,25.0,70.0,690.0,18.0,3800,34.0
783,24.0,8850,22.5,50.0,435.0,18.5,2200,23.0
784,24.0,8850,11.0,0.0,420.0,0.0,1850,23.0
785,15.0,9297,18.0,50.0,420.0,18.0,2300,30.0
786,8.0,9615,21.5,80.0,380.0,17.0,2000,40.0
787,23.5,10303,23.5,60.0,380.0,17.5,2500,29.0
788,12.5,10660,15.0,80.0,400.0,18.5,2400,29.0
789,24.0,9320,19.0,50.0,420.0,22.0,2200,25.0
790,24.0,9320,12.5,0.0,420.0,0.0,1800,25.0
791,7.0,9587,16.0,50.0,420.0,20.5,2200,38.0
792,16.5,10177,19.0,60.0,380.0,20.5,2300,36.0
793,16.5,10177,4.5,0.0,380.0,0.0,1700,36.0
794,24.0,10367,18.5,50.0,380.0,20.0,2300,9.0
795,24.0,10367,10.0,0.0,380.0,0.0,1900,9.0
796,17.5,11080,22.5,60.0,400.0,21.5,2650,41.0
797,17.5,11080,4.0,0.0,380.0,0.0,2000,41.0
798,0.5,9618,6.0,40.0,380.0,21.0,2100,32.0
799,9.0,9880,16.0,55.0,380.0,18.5,2200,29.0
800,9.0,9880,11.5,0.0,380.0,0.0,2200,29.0
801,24.0,10322,22.5,60.0,390.0,17.5,2450,18.4
802,24.0,10322,15.0,0.0,390.0,0.0,2250,18.4
803,24.0,10870,21.5,50.0,400.0,19.0,2500,22.8
804,24.0,10870,16.0,0.0,380.0,0.0,2150,22.8
805,21.0,11150,16.0,60.0,410.0,22.0,2400,13.3
806,5.5,9832,17.5,70.0,390.0,18.5,1850,34.7
807,5.5,9832,3.5,0.0,400.0,0.0,1500,34.7
808,24.0,10910,17.5,70.0,380.0,17.5,2200,44.9
809,6.0,11170,20.0,70.0,400.0,16.5,2400,43.3
810,9.5,9708,18.0,70.0,380.0,21.0,2000,57.0
811,21.5,10612,16.0,70.0,380.0,19.0,2250,42.0
812,9.0,8860,12.5,65.0,415.0,7.0,2400,104.6
813,12.5,9494,19.0,60.0,380.0,8.5,2100,50.72
814,3.0,9612,19.0,60.0,380.0,7.0,2100,39.33
815,19.0,10114,26.0,60.0,400.0,8.5,2400,26.42
816,4.0,9652,14.0,45.0,380.0,15.0,1900,36.75
817,2.0,9745,14.0,45.0,380.0,15.0,1900,96.5
818,14.0,10214,17.0,50.0,380.0,16.5,1900,33.5
819,24.0,10870,17.5,50.0,400.0,15.0,2400,27.33
820,3.0,10950,17.5,40.0,420.0,15.0,2400,26.66
821,15.0,10902,15.0,50.0,390.0,21.5,2000,41.53
822,11.5,10501,18.5,60.0,380.0,18.0,1950,40.76
823,3.0,10688,19.0,50.0,420.0,18.0,2100,62.33
824,8.5,9154,18.5,75.0,420.0,19.0,2500,94.0
825,2.5,9265,21.5,70.0,380.0,21.0,2100,57.0
826,24.0,10090,20.0,70.0,380.0,18.5,2200,34.4
827,24.0,10090,20.0,0.0,380.0,0.0,1950,34.4
828,14.0,10532,19.5,70.0,390.0,14.5,2400,31.6
829,16.5,9025,16.0,75.0,420.0,21.0,2250,33.3
830,24.0,9695,15.0,70.0,380.0,14.0,2000,27.9
831,12.5,10016,22.5,70.0,380.0,12.5,2050,25.7
832,6.0,10180,15.0,60.0,380.0,17.5,2100,27.3
833,19.5,10719,17.5,70.0,420.0,20.0,2350,27.6
834,24.0,9925,18.0,75.0,450.0,19.0,2400,35.3
835,24.0,10710,17.0,65.0,380.0,17.0,2300,32.7
836,9.5,10949,18.5,70.0,400.0,17.5,2600,25.16
837,21.0,9690,16.5,50.0,380.0,8.0,2500,45.4
838,5.0,9835,19.0,60.0,380.0,8.0,2500,29.0
839,6.0,10050,17.5,60.0,400.0,8.0,2500,35.8
840,6.0,10166,21.0,60.0,420.0,8.0,2500,46.4
841,2.0,8230,12.5,40.0,420.0,12.0,2250,27.0
842,10.0,8660,10.5,70.0,420.0,12.0,1850,43.0
843,7.5,9012,10.5,70.0,420.0,12.0,2100,47.0
844,14.5,9530,10.5,65.0,380.0,13.0,19850,36.0
845,14.5,9530,12.5,0.0,380.0,0.0,1750,36.0
846,19.0,10480,18.0,55.0,400.0,17.0,2330,50.0
847,19.0,10480,4.0,0.0,380.0,0.0,1700,50.0
848,1.5,8320,14.0,40.0,390.0,16.0,1820,32.0
849,7.5,8512,16.0,50.0,430.0,18.0,2350,25.6
850,9.0,8887,17.0,60.0,440.0,20.0,2400,41.6
851,4.5,9090,23.0,60.0,430.0,20.0,2400,45.0
852,0.5,9136,23.0,60.0,440.0,20.0,2400,92.0
853,20.5,9850,21.5,60.0,380.0,20.5,2000,34.8
854,20.5,9850,16.0,0.0,380.0,0.0,1850,34.8
855,23.0,10578,15.0,55.0,400.0,18.0,2400,31.6
856,10.5,9400,22.5,100.0,475.0,22.0,2400,37.0
857,4.0,9590,16.5,120.0,500.0,22.0,2450,47.5
858,10.5,9885,16.0,130.0,475.0,22.0,2300,28.0
859,1.0,9903,16.0,130.0,500.0,22.0,2500,18.0
860,3.5,9979,18.0,130.0,500.0,22.0,2600,21.4
861,6.0,10063,8.0,150.0,500.0,24.0,2400,14.0
862,3.5,10081,8.0,150.0,450.0,24.0,2400,5.0
863,5.5,10160,10.0,0.0,420.0,0.0,1700,15.0
864,6.0,10215,10.0,100.0,420.0,24.0,1800,9.0
865,6.0,10215,10.0,0.0,420.0,0.0,1800,9.0
866,14.5,10421,11.0,130.0,420.0,24.0,1900,14.0
867,14.5,10421,13.0,0.0,420.0,0.0,2000,14.0
868,2.0,10434,5.0,130.0,420.0,24.0,1900,7.0
869,0.5,10460,7.0,0.0,420.0,0.0,2000,52.0
870,20.5,10847,9.0,0.0,420.0,0.0,2000,19.0
871,14.0,10390,19.5,40.0,380.0,16.0,2400,60.0
872,14.0,10390,19.0,0.0,380.0,0.0,2200,60.0
873,21.5,9660,18.0,45.0,370.0,18.0,2150,27.0
874,21.5,9660,18.0,0.0,375.0,0.0,1950,27.0
875,5.5,9833,18.0,45.0,370.0,18.0,2150,32.0
876,5.5,9833,16.5,0.0,375.0,0.0,3950,32.0
877,16.0,10533,10.0,52.5,370.0,21.0,2250,44.0
878,9.5,9286,14.5,55.0,260.0,12.5,700,2.0
879,7.0,9302,19.5,60.0,260.0,13.5,740,2.1
880,22.5,10325,12.5,70.0,370.0,19.0,2400,45.0
881,22.5,10325,3.0,0.0,380.0,0.0,2150,45.0
882,9.0,10609,15.0,70.0,380.0,19.0,2200,31.5
883,2.5,10712,16.5,60.0,420.0,19.0,2500,41.2
884,11.0,8420,8.5,75.0,450.0,25.0,2400,13.0
885,11.0,8420,9.5,0.0,450.0,0.0,2450,13.0
886,1.0,8483,9.5,0.0,450.0,0.0,2450,63.0
887,8.0,8830,11.0,0.0,420.0,0.0,2300,43.0
888,14.5,9476,24.0,72.5,380.0,12.0,2700,45.0
889,23.0,10110,11.5,57.5,390.0,23.0,2300,28.0
890,11.5,10380,16.0,75.0,420.0,23.0,2500,23.0
891,17.0,9780,18.5,55.0,380.0,16.5,2300,41.0
892,2.5,9812,18.5,70.0,380.0,18.5,2300,13.0
893,1.5,9908,10.0,40.0,380.0,14.0,2250,64.0
894,4.5,10038,18.5,70.0,380.0,19.5,2400,30.0
895,14.5,10410,16.5,55.0,400.0,18.5,2450,25.65
896,4.0,10487,16.5,60.0,410.0,18.5,2450,19.25
897,14.0,9430,18.5,60.0,380.0,24.0,1800,27.0
898,24.0,10190,18.5,75.0,380.0,24.0,3600,32.0
899,10.5,10492,18.5,75.0,390.0,24.0,2600,29.0
900,1.0,9703,3.0,40.0,380.0,22.0,2500,43.0
901,11.0,10049,3.0,40.0,380.0,22.0,2500,31.45
902,11.0,10049,6.5,0.0,380.0,0.0,1600,31.45
903,24.0,10740,10.0,50.0,380.0,12.0,2100,28.8
904,24.0,10740,6.0,0.0,380.0,0.0,1850,28.8
905,14.0,11263,30.5,60.0,380.0,11.0,2100,8.0
906,8.0,9380,15.0,85.0,380.0,20.0,2200,50.25
907,23.0,10421,18.0,80.0,400.0,19.0,2600,45.3
908,11.0,9430,14.0,62.5,420.0,21.5,2500,43.0
909,11.0,9430,20.0,0.0,420.0,0.0,2200,43.0
910,10.3,9907,12.0,70.0,420.0,20.5,2500,45.0
911,13.0,10313,12.0,70.0,410.0,20.5,2200,31.0
912,13.0,10313,15.0,0.0,400.0,0.0,2000,31.0
913,2.0,10551,16.0,70.0,400.0,20.5,2300,40.0
914,2.0,10551,10.0,0.0,400.0,0.0,2000,40.0
915,16.0,10776,16.0,70.0,380.0,17.0,2300,14.0
916,16.0,10776,10.0,0.0,380.0,0.0,2100,14.0
917,24.0,11270,18.0,72.5,410.0,17.0,2500,20.5
918,6.3,11314,16.0,75.0,440.0,20.5,2600,7.0
919,7.3,11390,16.0,75.0,440.0,20.5,2600,10.0
920,23.0,10193,21.0,70.0,380.0,21.0,2100,44.0
921,8.0,10614,21.0,65.0,400.0,21.0,2400,52.63
922,4.5,9242,21.0,70.0,380.0,20.0,2100,66.0
923,14.5,9965,21.0,70.0,400.0,20.0,2400,50.0
924,3.5,10160,19.0,70.0,420.0,19.0,2900,55.0
925,3.5,10283,19.0,70.0,420.0,19.0,2900,35.0
926,5.5,9580,17.0,40.0,550.0,19.5,3200,35.0
927,5.5,9580,14.0,0.0,550.0,0.0,3150,35.0
928,24.0,10445,19.0,65.0,415.0,17.0,2900,36.0
929,24.0,10445,11.0,0.0,450.0,0.0,2600,36.0
930,24.0,11015,14.0,65.0,450.0,21.0,2900,24.0
931,24.0,11015,11.0,0.0,450.0,0.0,2600,24.0
932,1.5,11030,15.0,60.0,450.0,21.0,2900,15.0
